Barcode,Sku,Name,Colour
5053578023365,P180351B-6,A-Line Collarless Coat with Cuff Details (with Self Belt) in Green,Green
5053578023372,P180351B-8,A-Line Collarless Coat with Cuff Details (with Self Belt) in Green,Green
5053578023389,P180351B-10,A-Line Collarless Coat with Cuff Details (with Self Belt) in Green,Green
5053578023396,P180351B-12,A-Line Collarless Coat with Cuff Details (with Self Belt) in Green,Green
5053578023402,P180351B-14,A-Line Collarless Coat with Cuff Details (with Self Belt) in Green,Green
5053578023419,P180351B-S/M,A-Line Collarless Coat with Cuff Details (with Self Belt) in Green,Green
5053578023426,P180351C-M/XL,A-Line Collarless Coat with Cuff Details (with Self Belt) in Sand,Sand
5053578023433,P180351C-8,A-Line Collarless Coat with Cuff Details (with Self Belt) in Sand,Sand
5053578023440,P180351C-10,A-Line Collarless Coat with Cuff Details (with Self Belt) in Sand,Sand
5053578023457,P180351C-12,A-Line Collarless Coat with Cuff Details (with Self Belt) in Sand,Sand
5053578023464,P180351C-14,A-Line Collarless Coat with Cuff Details (with Self Belt) in Sand,Sand
5053578023471,P180351C-16,A-Line Collarless Coat with Cuff Details (with Self Belt) in Sand,Sand